{
  "devs": [
    {
      "id": "6e40a3ad-9bca-4471-8c3c-95c3c072a79d",
      "name": "Ediane Araújo",
      "email": "ediane.araujo@example.com",
      "age": 66,
      "picture": "https://randomuser.me/api/portraits/women/13.jpg",
      "programmingLanguages": [
        {
          "id": "Java",
          "language": "Java",
          "experience": "Junior"
        },
        {
          "id": "Python",
          "language": "Python",
          "experience": "Pleno"
        }
      ]
    },
    {
      "id": "88091fa8-87a6-4bd4-bae8-4faad6d43e4d",
      "name": "Nara Porto",
      "email": "nara.porto@example.com",
      "age": 70,
      "picture": "https://randomuser.me/api/portraits/women/77.jpg",
      "programmingLanguages": [
        {
          "id": "JavaScript",
          "language": "JavaScript",
          "experience": "Pleno"
        }
      ]
    },
    {
      "id": "91b987b4-f472-47b3-ba36-6c37f052a0e6",
      "name": "Serafina da Cruz",
      "email": "serafina.dacruz@example.com",
      "age": 66,
      "picture": "https://randomuser.me/api/portraits/women/3.jpg",
      "programmingLanguages": [
        {
          "id": "JavaScript",
          "language": "JavaScript",
          "experience": "Junior"
        },
        {
          "id": "Python",
          "language": "Python",
          "experience": "Senior"
        }
      ]
    },
    {
      "id": "1738640e-b0f3-4230-b2f2-a32925a0f8d1",
      "name": "Eliseu Castro",
      "email": "eliseu.castro@example.com",
      "age": 48,
      "picture": "https://randomuser.me/api/portraits/men/24.jpg",
      "programmingLanguages": [
        {
          "id": "JavaScript",
          "language": "JavaScript",
          "experience": "Junior"
        }
      ]
    },
    {
      "id": "65a12245-1e80-40bc-bd23-1ac14a3983a9",
      "name": "Luciara Cavalcanti",
      "email": "luciara.cavalcanti@example.com",
      "age": 69,
      "picture": "https://randomuser.me/api/portraits/women/3.jpg",
      "programmingLanguages": [
        {
          "id": "JavaScript",
          "language": "JavaScript",
          "experience": "Junior"
        }
      ]
    },
    {
      "id": "63660c87-a020-4c97-a5b1-6051a2091fed",
      "name": "Luciano Nunes",
      "email": "luciano.nunes@example.com",
      "age": 39,
      "picture": "https://randomuser.me/api/portraits/men/86.jpg",
      "programmingLanguages": [
        {
          "id": "Java",
          "language": "Java",
          "experience": "Junior"
        },
        {
          "id": "JavaScript",
          "language": "JavaScript",
          "experience": "Junior"
        }
      ]
    },
    {
      "id": "c173da9a-69d5-49aa-9511-ccb3904ce44d",
      "name": "Gertrudes Santos",
      "email": "gertrudes.santos@example.com",
      "age": 26,
      "picture": "https://randomuser.me/api/portraits/women/25.jpg",
      "programmingLanguages": [
        {
          "id": "JavaScript",
          "language": "JavaScript",
          "experience": "Senior"
        }
      ]
    },
    {
      "id": "7b31725d-50b6-4be3-9818-4f1f8d450bf3",
      "name": "Anick da Rocha",
      "email": "anick.darocha@example.com",
      "age": 74,
      "picture": "https://randomuser.me/api/portraits/women/60.jpg",
      "programmingLanguages": [
        {
          "id": "Java",
          "language": "Java",
          "experience": "Senior"
        },
        {
          "id": "JavaScript",
          "language": "JavaScript",
          "experience": "Junior"
        }
      ]
    },
    {
      "id": "a4cd4527-fbdc-4270-a4b3-ec0ab1aa466e",
      "name": "Evangelino Almeida",
      "email": "evangelino.almeida@example.com",
      "age": 36,
      "picture": "https://randomuser.me/api/portraits/men/20.jpg",
      "programmingLanguages": [
        {
          "id": "Java",
          "language": "Java",
          "experience": "Junior"
        }
      ]
    },
    {
      "id": "3446bf0c-a56a-465d-b8d4-5f7576dc65a2",
      "name": "Aléxio Rezende",
      "email": "alexio.rezende@example.com",
      "age": 46,
      "picture": "https://randomuser.me/api/portraits/men/28.jpg",
      "programmingLanguages": [
        {
          "id": "Java",
          "language": "Java",
          "experience": "Junior"
        },
        {
          "id": "JavaScript",
          "language": "JavaScript",
          "experience": "Pleno"
        }
      ]
    },
    {
      "id": "aa92f464-cc39-4f97-85e4-53d2de7bcadf",
      "name": "Angélica Fernandes",
      "email": "angelica.fernandes@example.com",
      "age": 33,
      "picture": "https://randomuser.me/api/portraits/women/31.jpg",
      "programmingLanguages": [
        {
          "id": "JavaScript",
          "language": "JavaScript",
          "experience": "Junior"
        },
        {
          "id": "Python",
          "language": "Python",
          "experience": "Junior"
        }
      ]
    },
    {
      "id": "c9a54b99-0ed7-40ab-b3d0-ab66032a88c1",
      "name": "Maiara Costa",
      "email": "maiara.costa@example.com",
      "age": 73,
      "picture": "https://randomuser.me/api/portraits/women/1.jpg",
      "programmingLanguages": [
        {
          "id": "JavaScript",
          "language": "JavaScript",
          "experience": "Pleno"
        }
      ]
    },
    {
      "id": "af892954-9496-404d-9a21-5fd27c7a5eb2",
      "name": "Dena da Luz",
      "email": "dena.daluz@example.com",
      "age": 65,
      "picture": "https://randomuser.me/api/portraits/women/78.jpg",
      "programmingLanguages": [
        {
          "id": "JavaScript",
          "language": "JavaScript",
          "experience": "Pleno"
        }
      ]
    },
    {
      "id": "7b5e9832-206c-44e6-a844-5b013e17e47e",
      "name": "Naiara Pires",
      "email": "naiara.pires@example.com",
      "age": 22,
      "picture": "https://randomuser.me/api/portraits/women/81.jpg",
      "programmingLanguages": [
        {
          "id": "Java",
          "language": "Java",
          "experience": "Senior"
        },
        {
          "id": "JavaScript",
          "language": "JavaScript",
          "experience": "Senior"
        }
      ]
    },
    {
      "id": "546e9705-7072-4b30-8218-ce7fc56685fe",
      "name": "Esmeraldo Santos",
      "email": "esmeraldo.santos@example.com",
      "age": 61,
      "picture": "https://randomuser.me/api/portraits/men/61.jpg",
      "programmingLanguages": [
        {
          "id": "JavaScript",
          "language": "JavaScript",
          "experience": "Senior"
        },
        {
          "id": "Python",
          "language": "Python",
          "experience": "Pleno"
        }
      ]
    },
    {
      "id": "658faa72-38f0-4bee-aaca-90e49222ac50",
      "name": "Lauriete Castro",
      "email": "lauriete.castro@example.com",
      "age": 63,
      "picture": "https://randomuser.me/api/portraits/women/77.jpg",
      "programmingLanguages": [
        {
          "id": "JavaScript",
          "language": "JavaScript",
          "experience": "Senior"
        }
      ]
    },
    {
      "id": "9fe786fa-9018-4a43-a71e-7e8829b950a2",
      "name": "Eduíno Castro",
      "email": "eduino.castro@example.com",
      "age": 69,
      "picture": "https://randomuser.me/api/portraits/men/95.jpg",
      "programmingLanguages": [
        {
          "id": "Java",
          "language": "Java",
          "experience": "Senior"
        },
        {
          "id": "Python",
          "language": "Python",
          "experience": "Junior"
        }
      ]
    },
    {
      "id": "93fb8fc5-67c4-42d2-826a-dfe6fc4d52f8",
      "name": "Neóteles Costa",
      "email": "neoteles.costa@example.com",
      "age": 24,
      "picture": "https://randomuser.me/api/portraits/men/17.jpg",
      "programmingLanguages": [
        {
          "id": "Python",
          "language": "Python",
          "experience": "Junior"
        }
      ]
    },
    {
      "id": "b8493f48-ec8b-4a52-a801-b91f21a61187",
      "name": "Célsio Fernandes",
      "email": "celsio.fernandes@example.com",
      "age": 70,
      "picture": "https://randomuser.me/api/portraits/men/41.jpg",
      "programmingLanguages": [
        {
          "id": "Java",
          "language": "Java",
          "experience": "Senior"
        },
        {
          "id": "Python",
          "language": "Python",
          "experience": "Pleno"
        }
      ]
    },
    {
      "id": "debf688a-1e78-479f-a70e-a4bd99ae1384",
      "name": "Delani Alves",
      "email": "delani.alves@example.com",
      "age": 35,
      "picture": "https://randomuser.me/api/portraits/women/36.jpg",
      "programmingLanguages": [
        {
          "id": "Python",
          "language": "Python",
          "experience": "Junior"
        }
      ]
    },
    {
      "id": "bec0f156-2674-470f-aa5a-6967f5b436d3",
      "name": "Elmano Novaes",
      "email": "elmano.novaes@example.com",
      "age": 62,
      "picture": "https://randomuser.me/api/portraits/men/46.jpg",
      "programmingLanguages": [
        {
          "id": "Java",
          "language": "Java",
          "experience": "Junior"
        },
        {
          "id": "Python",
          "language": "Python",
          "experience": "Junior"
        }
      ]
    },
    {
      "id": "7a08867e-4e93-412c-ad17-53c375fca87d",
      "name": "Nathielle Teixeira",
      "email": "nathielle.teixeira@example.com",
      "age": 54,
      "picture": "https://randomuser.me/api/portraits/women/75.jpg",
      "programmingLanguages": [
        {
          "id": "JavaScript",
          "language": "JavaScript",
          "experience": "Junior"
        }
      ]
    },
    {
      "id": "db23e7b4-1196-4d68-be9a-5859c4369c69",
      "name": "Mirco Lopes",
      "email": "mirco.lopes@example.com",
      "age": 67,
      "picture": "https://randomuser.me/api/portraits/men/88.jpg",
      "programmingLanguages": [
        {
          "id": "Java",
          "language": "Java",
          "experience": "Junior"
        }
      ]
    },
    {
      "id": "e687d3b5-ab37-4275-b652-e4560b6ce35d",
      "name": "Bia Farias",
      "email": "bia.farias@example.com",
      "age": 50,
      "picture": "https://randomuser.me/api/portraits/women/66.jpg",
      "programmingLanguages": [
        {
          "id": "Java",
          "language": "Java",
          "experience": "Junior"
        },
        {
          "id": "JavaScript",
          "language": "JavaScript",
          "experience": "Junior"
        }
      ]
    },
    {
      "id": "e0fec5f5-4049-4028-90cc-31b55e12261e",
      "name": "Susano Aragão",
      "email": "susano.aragao@example.com",
      "age": 37,
      "picture": "https://randomuser.me/api/portraits/men/19.jpg",
      "programmingLanguages": [
        {
          "id": "Java",
          "language": "Java",
          "experience": "Pleno"
        }
      ]
    },
    {
      "id": "5f1b34e6-8462-45b3-958a-db8b82b63b1b",
      "name": "Luenem Ribeiro",
      "email": "luenem.ribeiro@example.com",
      "age": 43,
      "picture": "https://randomuser.me/api/portraits/women/32.jpg",
      "programmingLanguages": [
        {
          "id": "Java",
          "language": "Java",
          "experience": "Pleno"
        },
        {
          "id": "JavaScript",
          "language": "JavaScript",
          "experience": "Junior"
        }
      ]
    },
    {
      "id": "af8d2b3f-635d-44e4-822f-875d612059cf",
      "name": "Adónis Nunes",
      "email": "adonis.nunes@example.com",
      "age": 68,
      "picture": "https://randomuser.me/api/portraits/men/56.jpg",
      "programmingLanguages": [
        {
          "id": "JavaScript",
          "language": "JavaScript",
          "experience": "Senior"
        }
      ]
    },
    {
      "id": "20c489c2-b917-4036-9c84-b06cf848b402",
      "name": "Juno Nunes",
      "email": "juno.nunes@example.com",
      "age": 23,
      "picture": "https://randomuser.me/api/portraits/men/36.jpg",
      "programmingLanguages": [
        {
          "id": "Java",
          "language": "Java",
          "experience": "Pleno"
        },
        {
          "id": "JavaScript",
          "language": "JavaScript",
          "experience": "Pleno"
        }
      ]
    },
    {
      "id": "da8d1655-8f06-4527-862e-895d917e10dd",
      "name": "Brígida Monteiro",
      "email": "brigida.monteiro@example.com",
      "age": 60,
      "picture": "https://randomuser.me/api/portraits/women/32.jpg",
      "programmingLanguages": [
        {
          "id": "Java",
          "language": "Java",
          "experience": "Senior"
        },
        {
          "id": "Python",
          "language": "Python",
          "experience": "Junior"
        }
      ]
    },
    {
      "id": "f87f6e0c-9eba-4336-9cb9-f654997958b3",
      "name": "Léia Silva",
      "email": "leia.silva@example.com",
      "age": 36,
      "picture": "https://randomuser.me/api/portraits/women/51.jpg",
      "programmingLanguages": [
        {
          "id": "JavaScript",
          "language": "JavaScript",
          "experience": "Pleno"
        }
      ]
    },
    {
      "id": "79977e2e-3f47-414e-9c81-01cef4258d3e",
      "name": "Almerinda Almeida",
      "email": "almerinda.almeida@example.com",
      "age": 34,
      "picture": "https://randomuser.me/api/portraits/women/12.jpg",
      "programmingLanguages": [
        {
          "id": "Java",
          "language": "Java",
          "experience": "Senior"
        }
      ]
    },
    {
      "id": "b15e347e-4079-4a22-bb26-060cef00db3f",
      "name": "Aniceto Barbosa",
      "email": "aniceto.barbosa@example.com",
      "age": 66,
      "picture": "https://randomuser.me/api/portraits/men/68.jpg",
      "programmingLanguages": [
        {
          "id": "Java",
          "language": "Java",
          "experience": "Senior"
        },
        {
          "id": "JavaScript",
          "language": "JavaScript",
          "experience": "Junior"
        }
      ]
    },
    {
      "id": "cf0df1d7-d04d-4c98-b989-eec254900d6f",
      "name": "Monique Nascimento",
      "email": "monique.nascimento@example.com",
      "age": 75,
      "picture": "https://randomuser.me/api/portraits/women/92.jpg",
      "programmingLanguages": [
        {
          "id": "JavaScript",
          "language": "JavaScript",
          "experience": "Junior"
        }
      ]
    },
    {
      "id": "73def9fb-b504-422e-ac6b-5b2d0a009c6f",
      "name": "Rúbia Oliveira",
      "email": "rubia.oliveira@example.com",
      "age": 44,
      "picture": "https://randomuser.me/api/portraits/women/83.jpg",
      "programmingLanguages": [
        {
          "id": "Java",
          "language": "Java",
          "experience": "Senior"
        },
        {
          "id": "JavaScript",
          "language": "JavaScript",
          "experience": "Senior"
        }
      ]
    },
    {
      "id": "c4c900c9-1607-4a97-9b4c-68e399b2e202",
      "name": "Ildefonso Martins",
      "email": "ildefonso.martins@example.com",
      "age": 26,
      "picture": "https://randomuser.me/api/portraits/men/40.jpg",
      "programmingLanguages": [
        {
          "id": "JavaScript",
          "language": "JavaScript",
          "experience": "Junior"
        }
      ]
    },
    {
      "id": "6051137c-88bc-4dfb-8f40-96a0d7e68eb7",
      "name": "Dilza Rodrigues",
      "email": "dilza.rodrigues@example.com",
      "age": 24,
      "picture": "https://randomuser.me/api/portraits/women/11.jpg",
      "programmingLanguages": [
        {
          "id": "Java",
          "language": "Java",
          "experience": "Senior"
        },
        {
          "id": "Python",
          "language": "Python",
          "experience": "Pleno"
        }
      ]
    },
    {
      "id": "2da7ecd3-0b86-4390-906c-8bf4bcc3f491",
      "name": "Hemelyn Rocha",
      "email": "hemelyn.rocha@example.com",
      "age": 67,
      "picture": "https://randomuser.me/api/portraits/women/32.jpg",
      "programmingLanguages": [
        {
          "id": "Java",
          "language": "Java",
          "experience": "Senior"
        },
        {
          "id": "Python",
          "language": "Python",
          "experience": "Senior"
        }
      ]
    },
    {
      "id": "247d58cf-810e-467f-98fe-62280ee29250",
      "name": "Alexandro Melo",
      "email": "alexandro.melo@example.com",
      "age": 74,
      "picture": "https://randomuser.me/api/portraits/men/57.jpg",
      "programmingLanguages": [
        {
          "id": "JavaScript",
          "language": "JavaScript",
          "experience": "Junior"
        }
      ]
    },
    {
      "id": "7d04ca88-a5c8-42a8-8313-e159a4f602c5",
      "name": "Andréa Duarte",
      "email": "andrea.duarte@example.com",
      "age": 22,
      "picture": "https://randomuser.me/api/portraits/women/23.jpg",
      "programmingLanguages": [
        {
          "id": "Java",
          "language": "Java",
          "experience": "Senior"
        }
      ]
    },
    {
      "id": "d4ee326a-e0e0-4808-b475-047dcd309832",
      "name": "Loreta Nascimento",
      "email": "loreta.nascimento@example.com",
      "age": 28,
      "picture": "https://randomuser.me/api/portraits/women/80.jpg",
      "programmingLanguages": [
        {
          "id": "Java",
          "language": "Java",
          "experience": "Pleno"
        },
        {
          "id": "Python",
          "language": "Python",
          "experience": "Junior"
        }
      ]
    },
    {
      "id": "65b52982-b85c-440f-a5a1-10bb89ce0c8e",
      "name": "Cinira Rodrigues",
      "email": "cinira.rodrigues@example.com",
      "age": 24,
      "picture": "https://randomuser.me/api/portraits/women/67.jpg",
      "programmingLanguages": [
        {
          "id": "Java",
          "language": "Java",
          "experience": "Pleno"
        },
        {
          "id": "Python",
          "language": "Python",
          "experience": "Junior"
        }
      ]
    },
    {
      "id": "ed3e39cc-d886-432e-98e3-6527629e0dd3",
      "name": "Fábio Jesus",
      "email": "fabio.jesus@example.com",
      "age": 55,
      "picture": "https://randomuser.me/api/portraits/men/15.jpg",
      "programmingLanguages": [
        {
          "id": "Python",
          "language": "Python",
          "experience": "Pleno"
        }
      ]
    },
    {
      "id": "d36097a3-12b3-4f31-9b81-f15fa361a7f9",
      "name": "Vanderléia Gonçalves",
      "email": "vanderleia.goncalves@example.com",
      "age": 69,
      "picture": "https://randomuser.me/api/portraits/women/64.jpg",
      "programmingLanguages": [
        {
          "id": "JavaScript",
          "language": "JavaScript",
          "experience": "Senior"
        },
        {
          "id": "Python",
          "language": "Python",
          "experience": "Senior"
        }
      ]
    },
    {
      "id": "79d23c3e-80e5-426d-98e1-3a1e6646b197",
      "name": "Argemiro da Rosa",
      "email": "argemiro.darosa@example.com",
      "age": 31,
      "picture": "https://randomuser.me/api/portraits/men/87.jpg",
      "programmingLanguages": [
        {
          "id": "JavaScript",
          "language": "JavaScript",
          "experience": "Pleno"
        }
      ]
    },
    {
      "id": "faff7076-00d9-4071-887c-1680db640ae7",
      "name": "Romano Rodrigues",
      "email": "romano.rodrigues@example.com",
      "age": 41,
      "picture": "https://randomuser.me/api/portraits/men/52.jpg",
      "programmingLanguages": [
        {
          "id": "Java",
          "language": "Java",
          "experience": "Senior"
        },
        {
          "id": "Python",
          "language": "Python",
          "experience": "Junior"
        }
      ]
    },
    {
      "id": "423eaaf6-194a-4d40-9195-969e950f5d08",
      "name": "Enilda Monteiro",
      "email": "enilda.monteiro@example.com",
      "age": 35,
      "picture": "https://randomuser.me/api/portraits/women/7.jpg",
      "programmingLanguages": [
        {
          "id": "Python",
          "language": "Python",
          "experience": "Senior"
        }
      ]
    },
    {
      "id": "446b0cc4-548e-45a2-b7c1-58ee3cd934fc",
      "name": "Salomão de Souza",
      "email": "salomao.desouza@example.com",
      "age": 32,
      "picture": "https://randomuser.me/api/portraits/men/44.jpg",
      "programmingLanguages": [
        {
          "id": "JavaScript",
          "language": "JavaScript",
          "experience": "Senior"
        },
        {
          "id": "Python",
          "language": "Python",
          "experience": "Pleno"
        }
      ]
    },
    {
      "id": "40f9900c-2a32-4d58-a132-88a0d683e928",
      "name": "Lorival Mendes",
      "email": "lorival.mendes@example.com",
      "age": 38,
      "picture": "https://randomuser.me/api/portraits/men/84.jpg",
      "programmingLanguages": [
        {
          "id": "JavaScript",
          "language": "JavaScript",
          "experience": "Pleno"
        }
      ]
    },
    {
      "id": "b9ea7018-a428-481b-bd15-17f98f62bbec",
      "name": "Natanael Teixeira",
      "email": "natanael.teixeira@example.com",
      "age": 47,
      "picture": "https://randomuser.me/api/portraits/men/21.jpg",
      "programmingLanguages": [
        {
          "id": "Java",
          "language": "Java",
          "experience": "Pleno"
        }
      ]
    },
    {
      "id": "6f09d083-2c2e-4d42-b23c-5489bd7b40cc",
      "name": "Davino da Cunha",
      "email": "davino.dacunha@example.com",
      "age": 33,
      "picture": "https://randomuser.me/api/portraits/men/19.jpg",
      "programmingLanguages": [
        {
          "id": "Java",
          "language": "Java",
          "experience": "Senior"
        },
        {
          "id": "Python",
          "language": "Python",
          "experience": "Junior"
        }
      ]
    },
    {
      "id": "c07234fd-3e1d-45fb-9337-bfed8f9d55e7",
      "name": "Filinto Moraes",
      "email": "filinto.moraes@example.com",
      "age": 33,
      "picture": "https://randomuser.me/api/portraits/men/37.jpg",
      "programmingLanguages": [
        {
          "id": "Java",
          "language": "Java",
          "experience": "Senior"
        }
      ]
    },
    {
      "id": "693c3698-5fbf-4c8b-9819-735a91d3109b",
      "name": "Élton Ramos",
      "email": "elton.ramos@example.com",
      "age": 29,
      "picture": "https://randomuser.me/api/portraits/men/34.jpg",
      "programmingLanguages": [
        {
          "id": "Java",
          "language": "Java",
          "experience": "Junior"
        },
        {
          "id": "JavaScript",
          "language": "JavaScript",
          "experience": "Junior"
        }
      ]
    },
    {
      "id": "4c13c6f5-60f9-4e79-a8df-4fd2f2b8816f",
      "name": "Dércio Lopes",
      "email": "dercio.lopes@example.com",
      "age": 56,
      "picture": "https://randomuser.me/api/portraits/men/25.jpg",
      "programmingLanguages": [
        {
          "id": "JavaScript",
          "language": "JavaScript",
          "experience": "Junior"
        }
      ]
    },
    {
      "id": "9a64ca7c-9478-48fe-8110-f8a126f14d5c",
      "name": "Blanche Nunes",
      "email": "blanche.nunes@example.com",
      "age": 62,
      "picture": "https://randomuser.me/api/portraits/women/96.jpg",
      "programmingLanguages": [
        {
          "id": "Java",
          "language": "Java",
          "experience": "Junior"
        },
        {
          "id": "JavaScript",
          "language": "JavaScript",
          "experience": "Pleno"
        }
      ]
    },
    {
      "id": "adcc70a5-a26d-4273-b84e-e8699f1b9177",
      "name": "Clóvis Nunes",
      "email": "clovis.nunes@example.com",
      "age": 40,
      "picture": "https://randomuser.me/api/portraits/men/20.jpg",
      "programmingLanguages": [
        {
          "id": "Java",
          "language": "Java",
          "experience": "Pleno"
        }
      ]
    },
    {
      "id": "4d1b1c13-989b-46d7-8d5f-7c9b613d39ca",
      "name": "Sabino da Luz",
      "email": "sabino.daluz@example.com",
      "age": 40,
      "picture": "https://randomuser.me/api/portraits/men/73.jpg",
      "programmingLanguages": [
        {
          "id": "Java",
          "language": "Java",
          "experience": "Junior"
        },
        {
          "id": "JavaScript",
          "language": "JavaScript",
          "experience": "Senior"
        }
      ]
    },
    {
      "id": "b096e61b-2486-40a1-a79d-a4d8dcd4d23a",
      "name": "Anania Novaes",
      "email": "anania.novaes@example.com",
      "age": 67,
      "picture": "https://randomuser.me/api/portraits/men/41.jpg",
      "programmingLanguages": [
        {
          "id": "JavaScript",
          "language": "JavaScript",
          "experience": "Pleno"
        },
        {
          "id": "Python",
          "language": "Python",
          "experience": "Pleno"
        }
      ]
    },
    {
      "id": "4a8d5ac0-85cf-48b7-9783-c492ba9a3e37",
      "name": "Telmo Sales",
      "email": "telmo.sales@example.com",
      "age": 50,
      "picture": "https://randomuser.me/api/portraits/men/70.jpg",
      "programmingLanguages": [
        {
          "id": "Python",
          "language": "Python",
          "experience": "Pleno"
        }
      ]
    },
    {
      "id": "24825104-6392-4cd5-8f12-9b5d4074eb71",
      "name": "Homero Pinto",
      "email": "homero.pinto@example.com",
      "age": 26,
      "picture": "https://randomuser.me/api/portraits/men/95.jpg",
      "programmingLanguages": [
        {
          "id": "Java",
          "language": "Java",
          "experience": "Senior"
        },
        {
          "id": "Python",
          "language": "Python",
          "experience": "Junior"
        }
      ]
    },
    {
      "id": "f3c61105-9c08-4ca5-8a09-1e047a3d115e",
      "name": "Lutero da Paz",
      "email": "lutero.dapaz@example.com",
      "age": 66,
      "picture": "https://randomuser.me/api/portraits/men/24.jpg",
      "programmingLanguages": [
        {
          "id": "Python",
          "language": "Python",
          "experience": "Junior"
        }
      ]
    },
    {
      "id": "c127ec06-4787-4b6b-93bd-c88e381f448f",
      "name": "Júnia Pinto",
      "email": "junia.pinto@example.com",
      "age": 57,
      "picture": "https://randomuser.me/api/portraits/women/22.jpg",
      "programmingLanguages": [
        {
          "id": "Java",
          "language": "Java",
          "experience": "Senior"
        },
        {
          "id": "Python",
          "language": "Python",
          "experience": "Pleno"
        }
      ]
    },
    {
      "id": "108fedf0-70ee-4c78-809a-bcba6f66b3b9",
      "name": "Sirene Oliveira",
      "email": "sirene.oliveira@example.com",
      "age": 35,
      "picture": "https://randomuser.me/api/portraits/women/24.jpg",
      "programmingLanguages": [
        {
          "id": "JavaScript",
          "language": "JavaScript",
          "experience": "Pleno"
        }
      ]
    },
    {
      "id": "00e65bd6-1681-46c7-95ed-5cb7710207ef",
      "name": "Maurício Silveira",
      "email": "mauricio.silveira@example.com",
      "age": 31,
      "picture": "https://randomuser.me/api/portraits/men/60.jpg",
      "programmingLanguages": [
        {
          "id": "JavaScript",
          "language": "JavaScript",
          "experience": "Junior"
        },
        {
          "id": "Python",
          "language": "Python",
          "experience": "Junior"
        }
      ]
    },
    {
      "id": "c7c7f4a4-2b55-468a-9b7f-40337d06e487",
      "name": "Wanda Dias",
      "email": "wanda.dias@example.com",
      "age": 56,
      "picture": "https://randomuser.me/api/portraits/women/69.jpg",
      "programmingLanguages": [
        {
          "id": "Python",
          "language": "Python",
          "experience": "Junior"
        }
      ]
    },
    {
      "id": "efe81ab2-22d6-4f4b-a985-006b9095ec50",
      "name": "Alexandro das Neves",
      "email": "alexandro.dasneves@example.com",
      "age": 58,
      "picture": "https://randomuser.me/api/portraits/men/78.jpg",
      "programmingLanguages": [
        {
          "id": "Java",
          "language": "Java",
          "experience": "Junior"
        },
        {
          "id": "Python",
          "language": "Python",
          "experience": "Junior"
        }
      ]
    },
    {
      "id": "c6454b82-3c91-49cc-8413-be9fdfa9040e",
      "name": "Evelásio Fogaça",
      "email": "evelasio.fogaca@example.com",
      "age": 40,
      "picture": "https://randomuser.me/api/portraits/men/90.jpg",
      "programmingLanguages": [
        {
          "id": "Python",
          "language": "Python",
          "experience": "Senior"
        }
      ]
    },
    {
      "id": "ec749509-e0eb-439d-8272-bc95601ae0fa",
      "name": "Francinéia Ramos",
      "email": "francineia.ramos@example.com",
      "age": 70,
      "picture": "https://randomuser.me/api/portraits/women/63.jpg",
      "programmingLanguages": [
        {
          "id": "Java",
          "language": "Java",
          "experience": "Pleno"
        }
      ]
    },
    {
      "id": "a63417e6-cb3a-4029-b157-050daa01bc3d",
      "name": "Aimê Moraes",
      "email": "aime.moraes@example.com",
      "age": 24,
      "picture": "https://randomuser.me/api/portraits/women/60.jpg",
      "programmingLanguages": [
        {
          "id": "Java",
          "language": "Java",
          "experience": "Senior"
        },
        {
          "id": "JavaScript",
          "language": "JavaScript",
          "experience": "Senior"
        }
      ]
    },
    {
      "id": "f04b9988-8c8e-46bd-ad7a-0f0deb7c979d",
      "name": "Sonja Ribeiro",
      "email": "sonja.ribeiro@example.com",
      "age": 59,
      "picture": "https://randomuser.me/api/portraits/women/5.jpg",
      "programmingLanguages": [
        {
          "id": "Java",
          "language": "Java",
          "experience": "Senior"
        },
        {
          "id": "Python",
          "language": "Python",
          "experience": "Pleno"
        }
      ]
    },
    {
      "id": "68cbc40a-e85a-4530-acf5-89c14a3bd242",
      "name": "Lissandra Castro",
      "email": "lissandra.castro@example.com",
      "age": 41,
      "picture": "https://randomuser.me/api/portraits/women/81.jpg",
      "programmingLanguages": [
        {
          "id": "Python",
          "language": "Python",
          "experience": "Junior"
        }
      ]
    },
    {
      "id": "1f2547d0-98e6-4503-bbdf-800d470a708c",
      "name": "Delmiro Silveira",
      "email": "delmiro.silveira@example.com",
      "age": 33,
      "picture": "https://randomuser.me/api/portraits/men/47.jpg",
      "programmingLanguages": [
        {
          "id": "JavaScript",
          "language": "JavaScript",
          "experience": "Senior"
        }
      ]
    },
    {
      "id": "aa1cd6c4-43fe-42aa-9210-4d2f3bf64a5b",
      "name": "Olvani Pires",
      "email": "olvani.pires@example.com",
      "age": 45,
      "picture": "https://randomuser.me/api/portraits/women/6.jpg",
      "programmingLanguages": [
        {
          "id": "Java",
          "language": "Java",
          "experience": "Junior"
        },
        {
          "id": "JavaScript",
          "language": "JavaScript",
          "experience": "Pleno"
        }
      ]
    },
    {
      "id": "9355898c-5a67-46e9-b439-a39a8648777c",
      "name": "Dário Ramos",
      "email": "dario.ramos@example.com",
      "age": 61,
      "picture": "https://randomuser.me/api/portraits/men/62.jpg",
      "programmingLanguages": [
        {
          "id": "Java",
          "language": "Java",
          "experience": "Junior"
        },
        {
          "id": "Python",
          "language": "Python",
          "experience": "Pleno"
        }
      ]
    },
    {
      "id": "ea4f7549-f885-4ec9-86c3-a5d0fb8b6043",
      "name": "Vito da Costa",
      "email": "vito.dacosta@example.com",
      "age": 68,
      "picture": "https://randomuser.me/api/portraits/men/91.jpg",
      "programmingLanguages": [
        {
          "id": "JavaScript",
          "language": "JavaScript",
          "experience": "Senior"
        }
      ]
    },
    {
      "id": "f93df8e1-f324-49fe-a00b-b8576a6773c2",
      "name": "Job Nunes",
      "email": "job.nunes@example.com",
      "age": 75,
      "picture": "https://randomuser.me/api/portraits/men/37.jpg",
      "programmingLanguages": [
        {
          "id": "JavaScript",
          "language": "JavaScript",
          "experience": "Pleno"
        },
        {
          "id": "Python",
          "language": "Python",
          "experience": "Senior"
        }
      ]
    },
    {
      "id": "2f875195-4a26-4afb-b3f5-ed9ae2a1af48",
      "name": "Tarsício Melo",
      "email": "tarsicio.melo@example.com",
      "age": 66,
      "picture": "https://randomuser.me/api/portraits/men/28.jpg",
      "programmingLanguages": [
        {
          "id": "Python",
          "language": "Python",
          "experience": "Junior"
        }
      ]
    },
    {
      "id": "f82d0e75-2b55-4326-8a8b-59411a54bde6",
      "name": "Dera Lima",
      "email": "dera.lima@example.com",
      "age": 49,
      "picture": "https://randomuser.me/api/portraits/women/73.jpg",
      "programmingLanguages": [
        {
          "id": "Java",
          "language": "Java",
          "experience": "Senior"
        }
      ]
    },
    {
      "id": "8932cd81-2288-4931-a70d-056970aaea56",
      "name": "Yara Ribeiro",
      "email": "yara.ribeiro@example.com",
      "age": 68,
      "picture": "https://randomuser.me/api/portraits/women/96.jpg",
      "programmingLanguages": [
        {
          "id": "Java",
          "language": "Java",
          "experience": "Pleno"
        },
        {
          "id": "JavaScript",
          "language": "JavaScript",
          "experience": "Junior"
        }
      ]
    },
    {
      "id": "c5d1da47-4f89-4983-b2b2-9fb14f3b7217",
      "name": "Dora da Mata",
      "email": "dora.damata@example.com",
      "age": 29,
      "picture": "https://randomuser.me/api/portraits/women/91.jpg",
      "programmingLanguages": [
        {
          "id": "Java",
          "language": "Java",
          "experience": "Senior"
        },
        {
          "id": "Python",
          "language": "Python",
          "experience": "Senior"
        }
      ]
    },
    {
      "id": "648f368a-eb6d-4894-ac5d-ab3bd095c2ae",
      "name": "Josselino Rezende",
      "email": "josselino.rezende@example.com",
      "age": 62,
      "picture": "https://randomuser.me/api/portraits/men/55.jpg",
      "programmingLanguages": [
        {
          "id": "Python",
          "language": "Python",
          "experience": "Junior"
        }
      ]
    },
    {
      "id": "d597da03-244d-4986-8cbe-baaa9c2bb5d6",
      "name": "Caíco Barbosa",
      "email": "caico.barbosa@example.com",
      "age": 41,
      "picture": "https://randomuser.me/api/portraits/men/96.jpg",
      "programmingLanguages": [
        {
          "id": "JavaScript",
          "language": "JavaScript",
          "experience": "Senior"
        }
      ]
    },
    {
      "id": "a59a54e5-2ea4-4db2-90dc-269562e30064",
      "name": "Aventino Ribeiro",
      "email": "aventino.ribeiro@example.com",
      "age": 74,
      "picture": "https://randomuser.me/api/portraits/men/78.jpg",
      "programmingLanguages": [
        {
          "id": "Java",
          "language": "Java",
          "experience": "Junior"
        },
        {
          "id": "Python",
          "language": "Python",
          "experience": "Junior"
        }
      ]
    },
    {
      "id": "2adbab87-ff94-473e-a1c6-47ef4dd24091",
      "name": "Andreo Rocha",
      "email": "andreo.rocha@example.com",
      "age": 35,
      "picture": "https://randomuser.me/api/portraits/men/88.jpg",
      "programmingLanguages": [
        {
          "id": "JavaScript",
          "language": "JavaScript",
          "experience": "Pleno"
        }
      ]
    },
    {
      "id": "91cefa1d-8420-4854-acaa-e08dfed765a8",
      "name": "Dilan Carvalho",
      "email": "dilan.carvalho@example.com",
      "age": 64,
      "picture": "https://randomuser.me/api/portraits/men/32.jpg",
      "programmingLanguages": [
        {
          "id": "Java",
          "language": "Java",
          "experience": "Senior"
        },
        {
          "id": "Python",
          "language": "Python",
          "experience": "Junior"
        }
      ]
    },
    {
      "id": "0583d783-7191-4d6d-b8e5-f6a67fa98a7b",
      "name": "Ainhoa Rezende",
      "email": "ainhoa.rezende@example.com",
      "age": 47,
      "picture": "https://randomuser.me/api/portraits/women/15.jpg",
      "programmingLanguages": [
        {
          "id": "JavaScript",
          "language": "JavaScript",
          "experience": "Junior"
        },
        {
          "id": "Python",
          "language": "Python",
          "experience": "Pleno"
        }
      ]
    },
    {
      "id": "ead5a3f5-deaa-4135-be96-d6ef55e2de2a",
      "name": "Niara Ribeiro",
      "email": "niara.ribeiro@example.com",
      "age": 72,
      "picture": "https://randomuser.me/api/portraits/women/54.jpg",
      "programmingLanguages": [
        {
          "id": "Python",
          "language": "Python",
          "experience": "Senior"
        }
      ]
    },
    {
      "id": "d7b6fe1f-6095-4499-ba51-66c474d2b2b4",
      "name": "Enes Vieira",
      "email": "enes.vieira@example.com",
      "age": 38,
      "picture": "https://randomuser.me/api/portraits/men/11.jpg",
      "programmingLanguages": [
        {
          "id": "JavaScript",
          "language": "JavaScript",
          "experience": "Pleno"
        },
        {
          "id": "Python",
          "language": "Python",
          "experience": "Pleno"
        }
      ]
    },
    {
      "id": "470d0c3b-cc95-4c77-9e57-7c1958f32ba2",
      "name": "Romarigo Barros",
      "email": "romarigo.barros@example.com",
      "age": 53,
      "picture": "https://randomuser.me/api/portraits/men/88.jpg",
      "programmingLanguages": [
        {
          "id": "Python",
          "language": "Python",
          "experience": "Senior"
        }
      ]
    },
    {
      "id": "8b9b5902-da66-43ab-b21b-9fe32127f718",
      "name": "Lótus Peixoto",
      "email": "lotus.peixoto@example.com",
      "age": 73,
      "picture": "https://randomuser.me/api/portraits/men/8.jpg",
      "programmingLanguages": [
        {
          "id": "JavaScript",
          "language": "JavaScript",
          "experience": "Junior"
        }
      ]
    },
    {
      "id": "8c4ecbd2-e7e0-4329-94cd-38e5346f3013",
      "name": "Policarpo Aragão",
      "email": "policarpo.aragao@example.com",
      "age": 64,
      "picture": "https://randomuser.me/api/portraits/men/27.jpg",
      "programmingLanguages": [
        {
          "id": "Java",
          "language": "Java",
          "experience": "Pleno"
        },
        {
          "id": "JavaScript",
          "language": "JavaScript",
          "experience": "Junior"
        }
      ]
    },
    {
      "id": "f842a2f9-767a-4650-8c8f-5e4b93637b02",
      "name": "Aidê Santos",
      "email": "aide.santos@example.com",
      "age": 53,
      "picture": "https://randomuser.me/api/portraits/women/57.jpg",
      "programmingLanguages": [
        {
          "id": "Java",
          "language": "Java",
          "experience": "Senior"
        },
        {
          "id": "Python",
          "language": "Python",
          "experience": "Junior"
        }
      ]
    },
    {
      "id": "1019680e-51c0-473e-a41c-9ee831677c20",
      "name": "Gaudência Moreira",
      "email": "gaudencia.moreira@example.com",
      "age": 36,
      "picture": "https://randomuser.me/api/portraits/women/13.jpg",
      "programmingLanguages": [
        {
          "id": "Python",
          "language": "Python",
          "experience": "Senior"
        }
      ]
    },
    {
      "id": "b4bacdfe-8772-45e4-9de7-7847b628c581",
      "name": "Alarico da Cunha",
      "email": "alarico.dacunha@example.com",
      "age": 57,
      "picture": "https://randomuser.me/api/portraits/men/75.jpg",
      "programmingLanguages": [
        {
          "id": "Java",
          "language": "Java",
          "experience": "Pleno"
        }
      ]
    },
    {
      "id": "45dc1ba8-e3f0-4a64-aefc-3011f240b9c6",
      "name": "Queila Mendes",
      "email": "queila.mendes@example.com",
      "age": 51,
      "picture": "https://randomuser.me/api/portraits/women/59.jpg",
      "programmingLanguages": [
        {
          "id": "Java",
          "language": "Java",
          "experience": "Pleno"
        },
        {
          "id": "Python",
          "language": "Python",
          "experience": "Pleno"
        }
      ]
    },
    {
      "id": "010e4bc7-7929-4777-8d06-82784d9fbb8b",
      "name": "Perpétua da Mota",
      "email": "perpetua.damota@example.com",
      "age": 56,
      "picture": "https://randomuser.me/api/portraits/women/28.jpg",
      "programmingLanguages": [
        {
          "id": "Java",
          "language": "Java",
          "experience": "Senior"
        },
        {
          "id": "Python",
          "language": "Python",
          "experience": "Pleno"
        }
      ]
    },
    {
      "id": "e0431ca4-9fa1-408e-b2e3-a54fe1cc9fa4",
      "name": "Amadeu Vieira",
      "email": "amadeu.vieira@example.com",
      "age": 67,
      "picture": "https://randomuser.me/api/portraits/men/51.jpg",
      "programmingLanguages": [
        {
          "id": "Python",
          "language": "Python",
          "experience": "Junior"
        }
      ]
    },
    {
      "id": "1b444757-dabc-487f-8e75-5929f1654dc2",
      "name": "Zelmira Araújo",
      "email": "zelmira.araujo@example.com",
      "age": 27,
      "picture": "https://randomuser.me/api/portraits/women/25.jpg",
      "programmingLanguages": [
        {
          "id": "JavaScript",
          "language": "JavaScript",
          "experience": "Junior"
        },
        {
          "id": "Python",
          "language": "Python",
          "experience": "Senior"
        }
      ]
    },
    {
      "id": "674855de-84e2-4043-bc1c-0644a415e3c5",
      "name": "Adamantino Peixoto",
      "email": "adamantino.peixoto@example.com",
      "age": 46,
      "picture": "https://randomuser.me/api/portraits/men/87.jpg",
      "programmingLanguages": [
        {
          "id": "JavaScript",
          "language": "JavaScript",
          "experience": "Pleno"
        }
      ]
    },
    {
      "id": "de93a101-a805-4564-a068-dba45262198b",
      "name": "Leandra Caldeira",
      "email": "leandra.caldeira@example.com",
      "age": 26,
      "picture": "https://randomuser.me/api/portraits/women/49.jpg",
      "programmingLanguages": [
        {
          "id": "Java",
          "language": "Java",
          "experience": "Pleno"
        },
        {
          "id": "Python",
          "language": "Python",
          "experience": "Pleno"
        }
      ]
    }
  ]
}
